specification,year,K,n_draws,tau_absolute_min,tau_absolute_max,metric,mean,sd,p05,p50,p95
nearest,2002,15,300,0.06668358549821254,0.39999371933525013,cliff_magnitude,0.11417833333333334,0.030229651060391008,0.04594999999999999,0.11925,0.15049999999999997
nearest,2002,15,300,0.06668358549821254,0.39999371933525013,cliff_ratio,0.9189048662246914,0.03221899181942503,0.8448796296296296,0.9285714285714286,0.9454137512007743
nearest,2002,15,300,0.06668358549821254,0.39999371933525013,conditional_switching_rate,0.2851219079462126,0.23759738114898066,0.0,0.3383190954858141,0.627585687689708
nearest,2002,15,300,0.06668358549821254,0.39999371933525013,delta_cenp,-0.02907391023807092,0.049707784947187535,-0.15234758877713953,-0.014050006031875867,0.0
nearest,2002,15,300,0.06668358549821254,0.39999371933525013,delta_enp,0.40703474333299294,0.6959089892606256,0.0,0.1967000844462623,2.1328662428799534
nearest,2002,15,300,0.06668358549821254,0.39999371933525013,enp_final,7.890357754049452,0.7289608532146951,7.221320525278938,7.694290480923429,9.667406446382731
nearest,2002,15,300,0.06668358549821254,0.39999371933525013,enp_sincere,7.483323010716458,0.1659664793036541,7.180359604511377,7.482775908585086,7.746464465600647
nearest,2002,15,300,0.06668358549821254,0.39999371933525013,mae,0.06684587220518118,0.005111486301741755,0.058905775994824716,0.06641617278004253,0.07392656956526032
nearest,2002,15,300,0.06668358549821254,0.39999371933525013,rmse,0.08365543102185018,0.007166271899009882,0.07241000108366095,0.08383933456066475,0.09327870539084264
nearest,2002,15,300,0.06668358549821254,0.39999371933525013,switching_rate,0.14856666666666668,0.12657106569483398,0.0,0.148,0.32692500000000013
nearest,2002,15,300,0.06668358549821254,0.39999371933525013,top2_acc,0.0,0.0,0.0,0.0,0.0
nearest,2002,15,300,0.06668358549821254,0.39999371933525013,top3_acc,0.0,0.0,0.0,0.0,0.0
nearest,2002,15,300,0.06668358549821254,0.39999371933525013,top4_acc,0.0,0.0,0.0,0.0,0.0
nearest,2002,15,300,0.06668358549821254,0.39999371933525013,trigger_rate,0.491485,0.1864682734363349,0.153,0.5715,0.688625
nearest,2022,12,300,0.08335448187276567,0.49999214916906265,cliff_magnitude,0.07893833333333333,0.017127215250286733,0.051,0.08049999999999997,0.10452500000000002
nearest,2022,12,300,0.08335448187276567,0.49999214916906265,cliff_ratio,0.8425845439690653,0.045343564899309206,0.7499174614820249,0.8538210079885561,0.8985382631126397
nearest,2022,12,300,0.08335448187276567,0.49999214916906265,conditional_switching_rate,0.2640015152815112,0.22257939927936002,0.0,0.24390843558920777,0.7409707844490453
nearest,2022,12,300,0.08335448187276567,0.49999214916906265,delta_cenp,0.050992060896665296,0.06140325765898215,-0.017073399585327505,0.028352672517237665,0.17491527579400143
nearest,2022,12,300,0.08335448187276567,0.49999214916906265,delta_enp,-0.5609126698633182,0.6754358342488037,-1.9240680337340157,-0.31187939768961437,0.1878073954386027
nearest,2022,12,300,0.08335448187276567,0.49999214916906265,enp_final,7.338071932303507,0.6736506954397624,5.985412068790492,7.531497705984087,8.124744174958273
nearest,2022,12,300,0.08335448187276567,0.49999214916906265,enp_sincere,7.898984602166826,0.13708340691994392,7.6739427859550915,7.901000464461217,8.11761946356381
nearest,2022,12,300,0.08335448187276567,0.49999214916906265,mae,0.09710427229890423,0.008227200143866138,0.0831201323598053,0.09751965393078615,0.10743110205374409
nearest,2022,12,300,0.08335448187276567,0.49999214916906265,rmse,0.12204472807993864,0.006692990687355207,0.11103616754916903,0.12294146196925618,0.13056307202852557
nearest,2022,12,300,0.08335448187276567,0.49999214916906265,switching_rate,0.13838666666666666,0.10292861517395271,0.0,0.14200000000000002,0.301575
nearest,2022,12,300,0.08335448187276567,0.49999214916906265,top2_acc,0.0,0.0,0.0,0.0,0.0
nearest,2022,12,300,0.08335448187276567,0.49999214916906265,top3_acc,0.0,0.0,0.0,0.0,0.0
nearest,2022,12,300,0.08335448187276567,0.49999214916906265,top4_acc,0.0,0.0,0.0,0.0,0.0
nearest,2022,12,300,0.08335448187276567,0.49999214916906265,trigger_rate,0.5331233333333334,0.16991294187006087,0.3567,0.41525,0.8555250000000001
prob_prior,2002,15,800,0.06667301122849636,0.3998966094395583,cliff_magnitude,0.08475625,0.02709436226451272,0.043000000000000003,0.08375000000000002,0.12804999999999994
prob_prior,2002,15,800,0.06667301122849636,0.3998966094395583,cliff_ratio,0.8688479094052599,0.0452750443534823,0.7918075199348116,0.8769479248554726,0.9315104848024394
prob_prior,2002,15,800,0.06667301122849636,0.3998966094395583,conditional_switching_rate,0.3692015994567362,0.21352983652250698,0.09142689714424461,0.3177553835120175,0.7615344482561462
prob_prior,2002,15,800,0.06667301122849636,0.3998966094395583,delta_cenp,0.047070248864682716,0.06418949935996915,-0.0370224727552393,0.04042047556247702,0.15376274208495957
prob_prior,2002,15,800,0.06667301122849636,0.3998966094395583,delta_enp,-0.6589834841055583,0.898652991039568,-2.1526783891894334,-0.5658866578746777,0.5183146185733497
prob_prior,2002,15,800,0.06667301122849636,0.3998966094395583,enp_final,7.472893116982455,0.7696486328911364,6.381474677709667,7.384161003799085,8.91038494479923
prob_prior,2002,15,800,0.06667301122849636,0.3998966094395583,enp_sincere,8.131876601088011,0.8229341783064144,6.797275207174585,8.032677280120788,9.533066166011094
prob_prior,2002,15,800,0.06667301122849636,0.3998966094395583,mae,0.04361721860966645,0.00961558402916747,0.027494105137895127,0.04483403649843663,0.057735750880580514
prob_prior,2002,15,800,0.06667301122849636,0.3998966094395583,rmse,0.06445130371178388,0.013177092450956083,0.04002679709168198,0.06773595468239854,0.08366893126332631
prob_prior,2002,15,800,0.06667301122849636,0.3998966094395583,switching_rate,0.162366875,0.09603163962984737,0.049925000000000004,0.14075,0.338
prob_prior,2002,15,800,0.06667301122849636,0.3998966094395583,top2_acc,0.0,0.0,0.0,0.0,0.0
prob_prior,2002,15,800,0.06667301122849636,0.3998966094395583,top3_acc,0.0025,0.04996870109239459,0.0,0.0,0.0
prob_prior,2002,15,800,0.06667301122849636,0.3998966094395583,top4_acc,0.0,0.0,0.0,0.0,0.0
prob_prior,2002,15,800,0.06667301122849636,0.3998966094395583,trigger_rate,0.49219625,0.18472152937653616,0.153475,0.57125,0.6880749999999999
prob_prior,2022,12,800,0.08334126403562045,0.49987076179944784,cliff_magnitude,0.146090625,0.0740460118064432,0.05647500000000001,0.1275,0.256025
prob_prior,2022,12,800,0.08334126403562045,0.49987076179944784,cliff_ratio,0.8848276250181926,0.0619085826174269,0.7791064158102652,0.8886282343410461,0.9575653591354075
prob_prior,2022,12,800,0.08334126403562045,0.49987076179944784,conditional_switching_rate,0.44271847540306736,0.2559968163722107,0.08700380776984147,0.45212846392180456,0.7975378268991282
prob_prior,2022,12,800,0.08334126403562045,0.49987076179944784,delta_cenp,0.029100169204407722,0.039287335480737935,-0.017457835736035692,0.015812462767494012,0.09564699482482948
prob_prior,2022,12,800,0.08334126403562045,0.49987076179944784,delta_enp,-0.320101861248485,0.43216069028811727,-1.0521169430731248,-0.173937090442434,0.19203619309639317
prob_prior,2022,12,800,0.08334126403562045,0.49987076179944784,enp_final,5.973709630216952,0.8381079812161437,4.665567459050513,5.845961828904619,7.401208211625718
prob_prior,2022,12,800,0.08334126403562045,0.49987076179944784,enp_sincere,6.293811491465437,0.9395905157330353,4.996826998503451,5.944155928365352,7.701370268712083
prob_prior,2022,12,800,0.08334126403562045,0.49987076179944784,mae,0.07078599096902714,0.013902330117869958,0.04900385327065414,0.07051833700073348,0.0970280222711209
prob_prior,2022,12,800,0.08334126403562045,0.49987076179944784,rmse,0.09429711051364752,0.015196439148160275,0.06978469801955546,0.09497016230273339,0.12029127666524944
prob_prior,2022,12,800,0.08334126403562045,0.49987076179944784,switching_rate,0.1961175,0.0778752890495804,0.069,0.1995,0.308525
prob_prior,2022,12,800,0.08334126403562045,0.49987076179944784,top2_acc,0.0,0.0,0.0,0.0,0.0
prob_prior,2022,12,800,0.08334126403562045,0.49987076179944784,top3_acc,0.0,0.0,0.0,0.0,0.0
prob_prior,2022,12,800,0.08334126403562045,0.49987076179944784,top4_acc,0.0,0.0,0.0,0.0,0.0
prob_prior,2022,12,800,0.08334126403562045,0.49987076179944784,trigger_rate,0.532899375,0.17046207594734883,0.3517,0.4145,0.86
prob_signal,2002,15,800,0.06667301122849636,0.3998966094395583,cliff_magnitude,0.08453625000000001,0.026932143646379816,0.04150000000000001,0.08399999999999999,0.128525
prob_signal,2002,15,800,0.06667301122849636,0.3998966094395583,cliff_ratio,0.8689581109579175,0.04475234631220369,0.7880382716229472,0.8765445531099986,0.9314731046516022
prob_signal,2002,15,800,0.06667301122849636,0.3998966094395583,conditional_switching_rate,0.3774535116014171,0.210974262131406,0.10923294617523854,0.32912190527878427,0.7603837495752633
prob_signal,2002,15,800,0.06667301122849636,0.3998966094395583,delta_cenp,0.0453759643224571,0.06472724538592971,-0.03981437025365851,0.04059132092309187,0.15528990992325423
prob_signal,2002,15,800,0.06667301122849636,0.3998966094395583,delta_enp,-0.6352635005143996,0.906181435403016,-2.1740587389255595,-0.5682784929232851,0.5574011835512193
prob_signal,2002,15,800,0.06667301122849636,0.3998966094395583,enp_final,7.492068255507451,0.7884337148364937,6.380611248722529,7.378862323983682,8.978154618793795
prob_signal,2002,15,800,0.06667301122849636,0.3998966094395583,enp_sincere,8.127331756021851,0.8154646921893133,6.820788084018466,8.035323488668736,9.517487316965319
prob_signal,2002,15,800,0.06667301122849636,0.3998966094395583,mae,0.043589112842078566,0.009618000379476991,0.027295429430495233,0.044922635192785526,0.05776917127314253
prob_signal,2002,15,800,0.06667301122849636,0.3998966094395583,rmse,0.06444374591467328,0.01315445807747203,0.040241792081590906,0.06770097891879151,0.08370343085172607
prob_signal,2002,15,800,0.06667301122849636,0.3998966094395583,switching_rate,0.16705625,0.09608328722281481,0.051,0.145,0.33859999999999996
prob_signal,2002,15,800,0.06667301122849636,0.3998966094395583,top2_acc,0.0,0.0,0.0,0.0,0.0
prob_signal,2002,15,800,0.06667301122849636,0.3998966094395583,top3_acc,0.0025,0.04996870109239459,0.0,0.0,0.0
prob_signal,2002,15,800,0.06667301122849636,0.3998966094395583,top4_acc,0.0,0.0,0.0,0.0,0.0
prob_signal,2002,15,800,0.06667301122849636,0.3998966094395583,trigger_rate,0.49219625,0.18472152937653616,0.153475,0.57125,0.6880749999999999
prob_signal,2022,12,800,0.08334126403562045,0.49987076179944784,cliff_magnitude,0.145463125,0.07327213375298462,0.056975,0.12774999999999997,0.25354999999999994
prob_signal,2022,12,800,0.08334126403562045,0.49987076179944784,cliff_ratio,0.8848477428337829,0.06173036220548872,0.7775201116895747,0.8881817564066627,0.957310296954127
prob_signal,2022,12,800,0.08334126403562045,0.49987076179944784,conditional_switching_rate,0.4544042213010174,0.2516132888103349,0.10050552849500152,0.46955172674755935,0.796414199960129
prob_signal,2022,12,800,0.08334126403562045,0.49987076179944784,delta_cenp,0.028753929366980308,0.039419886968676564,-0.01893679724131986,0.0168903510195694,0.09543457142896429
prob_signal,2022,12,800,0.08334126403562045,0.49987076179944784,delta_enp,-0.3162932230367834,0.4336187566554422,-1.049780285718607,-0.18579386121526342,0.2083047696545189
prob_signal,2022,12,800,0.08334126403562045,0.49987076179944784,enp_final,5.987609178457783,0.8307193151514032,4.708598560839081,5.866238098548602,7.400954871890713
prob_signal,2022,12,800,0.08334126403562045,0.49987076179944784,enp_sincere,6.303902401494566,0.9298265386817849,5.0314875825074195,5.979597230164563,7.698472450746558
prob_signal,2022,12,800,0.08334126403562045,0.49987076179944784,mae,0.07089049993332001,0.013893977171331224,0.049317417650196704,0.07068500366740015,0.09702802227112091
prob_signal,2022,12,800,0.08334126403562045,0.49987076179944784,rmse,0.09446074285887882,0.015162433436854297,0.07006549823785013,0.09494818948761542,0.12037195155245874
prob_signal,2022,12,800,0.08334126403562045,0.49987076179944784,switching_rate,0.20288812499999997,0.07443650423641647,0.07945,0.209,0.309525
prob_signal,2022,12,800,0.08334126403562045,0.49987076179944784,top2_acc,0.0,0.0,0.0,0.0,0.0
prob_signal,2022,12,800,0.08334126403562045,0.49987076179944784,top3_acc,0.0,0.0,0.0,0.0,0.0
prob_signal,2022,12,800,0.08334126403562045,0.49987076179944784,top4_acc,0.0,0.0,0.0,0.0,0.0
prob_signal,2022,12,800,0.08334126403562045,0.49987076179944784,trigger_rate,0.532899375,0.17046207594734883,0.3517,0.4145,0.86
prob_signal_mu0,2002,15,800,0.06667301122849636,0.3998966094395583,cliff_magnitude,0.08852125000000001,0.029468458323815963,0.043474999999999986,0.08800000000000002,0.13604999999999998
prob_signal_mu0,2002,15,800,0.06667301122849636,0.3998966094395583,cliff_ratio,0.869430219725685,0.04317273220822604,0.7872093239572868,0.8787832062171225,0.9315270830130594
prob_signal_mu0,2002,15,800,0.06667301122849636,0.3998966094395583,conditional_switching_rate,0.22277206513899844,0.1037267011365507,0.07235536275507946,0.20067412634546328,0.38190277878176954
prob_signal_mu0,2002,15,800,0.06667301122849636,0.3998966094395583,delta_cenp,0.06589706285087144,0.04987302998572566,0.005812365808488354,0.05118183673286389,0.1493903783730107
prob_signal_mu0,2002,15,800,0.06667301122849636,0.3998966094395583,delta_enp,-0.9225588799122,0.6982224198001592,-2.091465297222149,-0.7165457142600951,-0.08137312131883717
prob_signal_mu0,2002,15,800,0.06667301122849636,0.3998966094395583,enp_final,7.214320317708711,0.6546469364646217,5.815821734976412,7.270784415400177,8.145997472002936
prob_signal_mu0,2002,15,800,0.06667301122849636,0.3998966094395583,enp_sincere,8.13687919762091,0.8155553426154116,6.817277772022608,8.047285933091356,9.50718336329284
prob_signal_mu0,2002,15,800,0.06667301122849636,0.3998966094395583,mae,0.039156523063049,0.011302365066922457,0.021742931522626685,0.04072457726624544,0.05558278587231719
prob_signal_mu0,2002,15,800,0.06667301122849636,0.3998966094395583,rmse,0.06009733573628658,0.016470091898062037,0.031268889129745264,0.06414862759397542,0.0862353514337487
prob_signal_mu0,2002,15,800,0.06667301122849636,0.3998966094395583,switching_rate,0.11293437499999999,0.06148125984802199,0.014,0.1145,0.19902499999999998
prob_signal_mu0,2002,15,800,0.06667301122849636,0.3998966094395583,top2_acc,0.0,0.0,0.0,0.0,0.0
prob_signal_mu0,2002,15,800,0.06667301122849636,0.3998966094395583,top3_acc,0.03375,0.18069795845619782,0.0,0.0,0.0
prob_signal_mu0,2002,15,800,0.06667301122849636,0.3998966094395583,top4_acc,0.0075,0.08633114347045419,0.0,0.0,0.0
prob_signal_mu0,2002,15,800,0.06667301122849636,0.3998966094395583,trigger_rate,0.49219625,0.18472152937653616,0.153475,0.57125,0.6880749999999999
prob_signal_mu0,2022,12,800,0.08334126403562045,0.49987076179944784,cliff_magnitude,0.127261875,0.05720645686780983,0.05750000000000001,0.139,0.2095
prob_signal_mu0,2022,12,800,0.08334126403562045,0.49987076179944784,cliff_ratio,0.8654222041235364,0.054391773722971166,0.772801234501883,0.8731826063758836,0.9373662122577738
prob_signal_mu0,2022,12,800,0.08334126403562045,0.49987076179944784,conditional_switching_rate,0.3336647221044178,0.16931001152955927,0.09017105446533451,0.4367388257511289,0.5318825110689437
prob_signal_mu0,2022,12,800,0.08334126403562045,0.49987076179944784,delta_cenp,0.09080265378332841,0.025228980986199592,0.050401401243626034,0.0883011153745587,0.1309380436977161
prob_signal_mu0,2022,12,800,0.08334126403562045,0.49987076179944784,delta_enp,-0.9988291916166127,0.27751879084819553,-1.4403184806748768,-0.9713122691201455,-0.5544154136798862
prob_signal_mu0,2022,12,800,0.08334126403562045,0.49987076179944784,enp_final,5.29552047014671,1.091565142023726,3.9572486564003055,4.854902887127764,6.999271046384014
prob_signal_mu0,2022,12,800,0.08334126403562045,0.49987076179944784,enp_sincere,6.294349661763323,0.9354676274051826,5.035807839887822,5.918849660612045,7.701964849372562
prob_signal_mu0,2022,12,800,0.08334126403562045,0.49987076179944784,mae,0.05730895672884578,0.0197435905237994,0.03610884676935387,0.046229737614189505,0.09703635560445424
prob_signal_mu0,2022,12,800,0.08334126403562045,0.49987076179944784,rmse,0.07958585124542275,0.022087773056409403,0.054956803323918293,0.06764724534210176,0.11942495559780973
prob_signal_mu0,2022,12,800,0.08334126403562045,0.49987076179944784,switching_rate,0.15008749999999998,0.04676715650335459,0.072,0.162,0.2065
prob_signal_mu0,2022,12,800,0.08334126403562045,0.49987076179944784,top2_acc,0.0,0.0,0.0,0.0,0.0
prob_signal_mu0,2022,12,800,0.08334126403562045,0.49987076179944784,top3_acc,0.0075,0.08633114347045419,0.0,0.0,0.0
prob_signal_mu0,2022,12,800,0.08334126403562045,0.49987076179944784,top4_acc,0.0,0.0,0.0,0.0,0.0
prob_signal_mu0,2022,12,800,0.08334126403562045,0.49987076179944784,trigger_rate,0.532899375,0.17046207594734883,0.3517,0.4145,0.86
