variant,year,K,n_draws,tau_absolute_min,tau_absolute_max,metric,mean,sd,p05,p50,p95
individual_signals,2002,15,100,0.06799044297046607,0.3995835833810141,cliff_magnitude,0.11856000000000001,0.025852659437667146,0.063425,0.121,0.14257500000000004
individual_signals,2002,15,100,0.06799044297046607,0.3995835833810141,cliff_ratio,0.9240175734549797,0.02204549460979031,0.8710943818950114,0.9303272924102304,0.9440259721101261
individual_signals,2002,15,100,0.06799044297046607,0.3995835833810141,conditional_switching_rate,0.3109889156143055,0.2535900892647037,0.0,0.38733031674208146,0.7707117652712369
individual_signals,2002,15,100,0.06799044297046607,0.3995835833810141,delta_cenp,-0.021073674941495302,0.04228585788406498,-0.1171949322276544,-0.014078758498537125,0.0
individual_signals,2002,15,100,0.06799044297046607,0.3995835833810141,delta_enp,0.2950314491809342,0.5920020103769096,0.0,0.19710261897951975,1.6407290511871615
individual_signals,2002,15,100,0.06799044297046607,0.3995835833810141,enp_final,7.761652030392515,0.5989270692490801,7.297408791169504,7.683102746508239,8.907857694393648
individual_signals,2002,15,100,0.06799044297046607,0.3995835833810141,enp_sincere,7.46662058121158,0.1734358185418301,7.180359604511377,7.46318866782722,7.74678148453357
individual_signals,2002,15,100,0.06799044297046607,0.3995835833810141,mae,0.06686767219401105,0.0047771072206694255,0.059111170268298104,0.06627520509234958,0.07399323623192698
individual_signals,2002,15,100,0.06799044297046607,0.3995835833810141,rmse,0.08386014181110174,0.006637523912829081,0.07220254300913094,0.08301550640881342,0.0932590378692594
individual_signals,2002,15,100,0.06799044297046607,0.3995835833810141,switching_rate,0.16361499999999998,0.12977046276040824,0.0,0.21975,0.32587499999999997
individual_signals,2002,15,100,0.06799044297046607,0.3995835833810141,top2_acc,0.0,0.0,0.0,0.0,0.0
individual_signals,2002,15,100,0.06799044297046607,0.3995835833810141,top3_acc,0.0,0.0,0.0,0.0,0.0
individual_signals,2002,15,100,0.06799044297046607,0.3995835833810141,top4_acc,0.0,0.0,0.0,0.0,0.0
individual_signals,2002,15,100,0.06799044297046607,0.3995835833810141,trigger_rate,0.48993,0.18674336925201912,0.155475,0.56975,0.684575
individual_signals,2022,12,100,0.08498805371308257,0.49947947922626756,cliff_magnitude,0.07816999999999999,0.017732185540434774,0.04697499999999999,0.07675,0.10715000000000001
individual_signals,2022,12,100,0.08498805371308257,0.49947947922626756,cliff_ratio,0.8389848327925813,0.04752860317537277,0.7368090971225993,0.8458485118228367,0.9010055153992085
individual_signals,2022,12,100,0.08498805371308257,0.49947947922626756,conditional_switching_rate,0.2604862274652312,0.23592179707709476,0.0,0.23158429585038087,0.7540177156848624
individual_signals,2022,12,100,0.08498805371308257,0.49947947922626756,delta_cenp,0.05333683988330812,0.0658561531257525,-0.0183926979056422,0.03633342025638883,0.1812009143724958
individual_signals,2022,12,100,0.08498805371308257,0.49947947922626756,delta_enp,-0.5867052387163894,0.7244176843832777,-1.9932100580974537,-0.3996676228202771,0.20231967696206424
individual_signals,2022,12,100,0.08498805371308257,0.49947947922626756,enp_final,7.314890751407055,0.7347095422447772,5.848943123538362,7.537058812503005,8.136361926065428
individual_signals,2022,12,100,0.08498805371308257,0.49947947922626756,enp_sincere,7.901595990123444,0.13747713678214518,7.673414610409237,7.899050142301142,8.123466956831491
individual_signals,2022,12,100,0.08498805371308257,0.49947947922626756,mae,0.09696678369007136,0.008542753148423619,0.08213658314996333,0.09729452557178103,0.1072644353870774
individual_signals,2022,12,100,0.08498805371308257,0.49947947922626756,rmse,0.122120937466422,0.006686158066821968,0.11085638029829838,0.12295558548224336,0.13050121440991908
individual_signals,2022,12,100,0.08498805371308257,0.49947947922626756,switching_rate,0.13772500000000001,0.11050113978570263,0.0,0.14150000000000001,0.30384999999999995
individual_signals,2022,12,100,0.08498805371308257,0.49947947922626756,top2_acc,0.0,0.0,0.0,0.0,0.0
individual_signals,2022,12,100,0.08498805371308257,0.49947947922626756,top3_acc,0.0,0.0,0.0,0.0,0.0
individual_signals,2022,12,100,0.08498805371308257,0.49947947922626756,top4_acc,0.0,0.0,0.0,0.0,0.0
individual_signals,2022,12,100,0.08498805371308257,0.49947947922626756,trigger_rate,0.5317550000000001,0.1733067359401308,0.364575,0.40425,0.854525
perturbed_imputed_positions,2002,15,100,0.06799044297046607,0.3995835833810141,cliff_magnitude,0.113875,0.027847199866486406,0.0753,0.11825,0.1472
perturbed_imputed_positions,2002,15,100,0.06799044297046607,0.3995835833810141,cliff_ratio,0.9144866366561786,0.02814420679883686,0.8683075825643517,0.9229682051790524,0.9419835839019336
perturbed_imputed_positions,2002,15,100,0.06799044297046607,0.3995835833810141,conditional_switching_rate,0.22393891191297344,0.2309283778056191,0.0,0.11606725231677727,0.6011427598009698
perturbed_imputed_positions,2002,15,100,0.06799044297046607,0.3995835833810141,delta_cenp,-0.009556608419699988,0.03947740070905664,-0.07652284099841282,-0.0029191434333438737,0.006881529927669926
perturbed_imputed_positions,2002,15,100,0.06799044297046607,0.3995835833810141,delta_enp,0.13379251787579988,0.5526836099267929,-0.09634141898737933,0.0408680080668149,1.0713197739777796
perturbed_imputed_positions,2002,15,100,0.06799044297046607,0.3995835833810141,enp_final,7.366016630353539,0.6555526503188914,6.029015733202885,7.484189777749583,8.238234161526673
perturbed_imputed_positions,2002,15,100,0.06799044297046607,0.3995835833810141,enp_sincere,7.2322241124777396,0.4198201889671724,6.310701675590469,7.297434734511791,7.7127973860947066
perturbed_imputed_positions,2002,15,100,0.06799044297046607,0.3995835833810141,mae,0.06584083911164548,0.008022016696238305,0.054083216140571676,0.06504443328565443,0.0805753105667484
perturbed_imputed_positions,2002,15,100,0.06799044297046607,0.3995835833810141,rmse,0.0833399672900605,0.009380790150158889,0.06927585988226395,0.08229737396197984,0.10015519674587438
perturbed_imputed_positions,2002,15,100,0.06799044297046607,0.3995835833810141,switching_rate,0.11840000000000002,0.1258741154061983,0.0,0.056,0.31494999999999995
perturbed_imputed_positions,2002,15,100,0.06799044297046607,0.3995835833810141,top2_acc,0.0,0.0,0.0,0.0,0.0
perturbed_imputed_positions,2002,15,100,0.06799044297046607,0.3995835833810141,top3_acc,0.0,0.0,0.0,0.0,0.0
perturbed_imputed_positions,2002,15,100,0.06799044297046607,0.3995835833810141,top4_acc,0.0,0.0,0.0,0.0,0.0
perturbed_imputed_positions,2002,15,100,0.06799044297046607,0.3995835833810141,trigger_rate,0.497045,0.19653846739675837,0.15545,0.5694999999999999,0.7826
perturbed_imputed_positions,2022,12,100,0.08498805371308257,0.49947947922626756,cliff_magnitude,0.078405,0.018200718017804582,0.04842500000000002,0.0775,0.10715000000000001
perturbed_imputed_positions,2022,12,100,0.08498805371308257,0.49947947922626756,cliff_ratio,0.8389407766979151,0.049886409148204226,0.7497567513039863,0.8489062243726422,0.900993351886209
perturbed_imputed_positions,2022,12,100,0.08498805371308257,0.49947947922626756,conditional_switching_rate,0.26255163017609084,0.2408570342705369,0.0,0.22908976712725868,0.7540962016414535
perturbed_imputed_positions,2022,12,100,0.08498805371308257,0.49947947922626756,delta_cenp,0.056939094103839655,0.06840219705158052,-0.018582767135048278,0.036840684820952374,0.1975063103930204
perturbed_imputed_positions,2022,12,100,0.08498805371308257,0.49947947922626756,delta_enp,-0.6263300351422363,0.7524241675673857,-2.172569414323225,-0.4052475330304759,0.2044104384855305
perturbed_imputed_positions,2022,12,100,0.08498805371308257,0.49947947922626756,enp_final,7.275265954981209,0.7618462832820232,5.797208923571223,7.442263349850111,8.135880994337683
perturbed_imputed_positions,2022,12,100,0.08498805371308257,0.49947947922626756,enp_sincere,7.901595990123444,0.13747713678214518,7.673414610409237,7.899050142301142,8.123466956831491
perturbed_imputed_positions,2022,12,100,0.08498805371308257,0.49947947922626756,mae,0.09716196972727882,0.008494344830032082,0.081965224711609,0.09804481729679271,0.10710610205374407
perturbed_imputed_positions,2022,12,100,0.08498805371308257,0.49947947922626756,rmse,0.122369637729879,0.00661262145566277,0.11099023741662145,0.12333476549066572,0.13092590326660913
perturbed_imputed_positions,2022,12,100,0.08498805371308257,0.49947947922626756,switching_rate,0.13987999999999998,0.11336548385330046,0.0,0.132,0.30529999999999996
perturbed_imputed_positions,2022,12,100,0.08498805371308257,0.49947947922626756,top2_acc,0.0,0.0,0.0,0.0,0.0
perturbed_imputed_positions,2022,12,100,0.08498805371308257,0.49947947922626756,top3_acc,0.0,0.0,0.0,0.0,0.0
perturbed_imputed_positions,2022,12,100,0.08498805371308257,0.49947947922626756,top4_acc,0.0,0.0,0.0,0.0,0.0
perturbed_imputed_positions,2022,12,100,0.08498805371308257,0.49947947922626756,trigger_rate,0.5343500000000001,0.17175842649112466,0.36925,0.40925,0.858
perturbed_positions,2002,15,100,0.06799044297046607,0.3995835833810141,cliff_magnitude,0.11561,0.025538204693946263,0.06397499999999999,0.11800000000000001,0.14452500000000001
perturbed_positions,2002,15,100,0.06799044297046607,0.3995835833810141,cliff_ratio,0.9201983594704872,0.02176074108360378,0.8725729168676428,0.9256057487451703,0.9430398460726304
perturbed_positions,2002,15,100,0.06799044297046607,0.3995835833810141,conditional_switching_rate,0.2811216368339808,0.23792730620588434,0.0,0.3170188308312212,0.6214185868829115
perturbed_positions,2002,15,100,0.06799044297046607,0.3995835833810141,delta_cenp,-0.013921102877959446,0.04767015561465428,-0.09936448209623655,-0.0032042426606969654,0.03300963553735383
perturbed_positions,2002,15,100,0.06799044297046607,0.3995835833810141,delta_enp,0.19489544029143224,0.6673821786051598,-0.46213489752295395,0.044859397249757293,1.3911027493473112
perturbed_positions,2002,15,100,0.06799044297046607,0.3995835833810141,enp_final,7.646870947461434,0.6781989596691894,6.947817028276799,7.5553529909533115,8.926145118317976
perturbed_positions,2002,15,100,0.06799044297046607,0.3995835833810141,enp_sincere,7.451975507170004,0.19533233465040858,7.125706512815643,7.46318866782722,7.74678148453357
perturbed_positions,2002,15,100,0.06799044297046607,0.3995835833810141,mae,0.06636334237622654,0.006509832507502417,0.05641041520325464,0.0663820358304959,0.07583755734470861
perturbed_positions,2002,15,100,0.06799044297046607,0.3995835833810141,rmse,0.08595324924740824,0.008588118868311859,0.07086126406107524,0.0873304511123536,0.09863812850313095
perturbed_positions,2002,15,100,0.06799044297046607,0.3995835833810141,switching_rate,0.15925,0.1388329331726926,0.0,0.14675,0.34907499999999997
perturbed_positions,2002,15,100,0.06799044297046607,0.3995835833810141,top2_acc,0.0,0.0,0.0,0.0,0.0
perturbed_positions,2002,15,100,0.06799044297046607,0.3995835833810141,top3_acc,0.0,0.0,0.0,0.0,0.0
perturbed_positions,2002,15,100,0.06799044297046607,0.3995835833810141,top4_acc,0.0,0.0,0.0,0.0,0.0
perturbed_positions,2002,15,100,0.06799044297046607,0.3995835833810141,trigger_rate,0.499425,0.2125663458520395,0.154975,0.5674999999999999,0.795525
perturbed_positions,2022,12,100,0.08498805371308257,0.49947947922626756,cliff_magnitude,0.090625,0.030916013225145537,0.053924999999999994,0.08725,0.16822499999999999
perturbed_positions,2022,12,100,0.08498805371308257,0.49947947922626756,cliff_ratio,0.8543496517139841,0.04725456597609207,0.7737889294493069,0.8610691507217187,0.934072336411029
perturbed_positions,2022,12,100,0.08498805371308257,0.49947947922626756,conditional_switching_rate,0.289034725687501,0.21717245526335355,0.0,0.2321226602947033,0.7650190436971531
perturbed_positions,2022,12,100,0.08498805371308257,0.49947947922626756,delta_cenp,0.030216963082286993,0.07644460670616257,-0.07615388781057197,0.0,0.16689110533308937
perturbed_positions,2022,12,100,0.08498805371308257,0.49947947922626756,delta_enp,-0.3323865939051569,0.8408906737677881,-1.8358021586639837,0.0,0.837692765916291
perturbed_positions,2022,12,100,0.08498805371308257,0.49947947922626756,enp_final,6.9654101908984725,0.881325043642277,5.545469698279535,6.810290646664759,8.229289579256264
perturbed_positions,2022,12,100,0.08498805371308257,0.49947947922626756,enp_sincere,7.29779678480363,0.878821153917154,5.810562120150176,7.807994811431079,8.147136620719301
perturbed_positions,2022,12,100,0.08498805371308257,0.49947947922626756,mae,0.09206108855104354,0.009185190921450995,0.07550003917450157,0.0938199973327999,0.10611860205374408
perturbed_positions,2022,12,100,0.08498805371308257,0.49947947922626756,rmse,0.1161355081589458,0.008843999134375514,0.10121185328713876,0.11649617814944294,0.1301757662657734
perturbed_positions,2022,12,100,0.08498805371308257,0.49947947922626756,switching_rate,0.14582499999999998,0.09605720557263908,0.0,0.139,0.30879999999999996
perturbed_positions,2022,12,100,0.08498805371308257,0.49947947922626756,top2_acc,0.0,0.0,0.0,0.0,0.0
perturbed_positions,2022,12,100,0.08498805371308257,0.49947947922626756,top3_acc,0.0,0.0,0.0,0.0,0.0
perturbed_positions,2022,12,100,0.08498805371308257,0.49947947922626756,top4_acc,0.0,0.0,0.0,0.0,0.0
perturbed_positions,2022,12,100,0.08498805371308257,0.49947947922626756,trigger_rate,0.536035,0.1732596034185917,0.32635000000000003,0.412,0.85405
resampled_voters,2002,15,100,0.06799044297046607,0.3995835833810141,cliff_magnitude,0.11602499999999999,0.02572439150265402,0.07225000000000001,0.11900000000000001,0.1451
resampled_voters,2002,15,100,0.06799044297046607,0.3995835833810141,cliff_ratio,0.9221119853262951,0.02462445547769371,0.885559787679929,0.9278798826937198,0.9437274534344401
resampled_voters,2002,15,100,0.06799044297046607,0.3995835833810141,conditional_switching_rate,0.3062601471633619,0.2486483971198098,0.0,0.38194077227743656,0.7794058464583804
resampled_voters,2002,15,100,0.06799044297046607,0.3995835833810141,delta_cenp,-0.02263508345584907,0.041997770005877365,-0.1038480116785186,-0.013695112435197276,0.0
resampled_voters,2002,15,100,0.06799044297046607,0.3995835833810141,delta_enp,0.3168911683818871,0.587968780082283,0.0,0.1917315740927621,1.4538721634992606
resampled_voters,2002,15,100,0.06799044297046607,0.3995835833810141,enp_final,7.818178302148617,0.6026080395387023,7.319037938529253,7.71485887881032,8.947816550892949
resampled_voters,2002,15,100,0.06799044297046607,0.3995835833810141,enp_sincere,7.501287133766729,0.15382316202461535,7.253749928777307,7.492544922959356,7.7849985863130975
resampled_voters,2002,15,100,0.06799044297046607,0.3995835833810141,mae,0.06671414197470212,0.0048301663744788744,0.05859463418987443,0.06621644065166918,0.07360017914167949
resampled_voters,2002,15,100,0.06799044297046607,0.3995835833810141,rmse,0.08353655883647317,0.006816295837338658,0.07218507339797875,0.08292500221525251,0.09273788714271122
resampled_voters,2002,15,100,0.06799044297046607,0.3995835833810141,switching_rate,0.16180999999999998,0.1277244663051261,0.0,0.2205,0.3168749999999999
resampled_voters,2002,15,100,0.06799044297046607,0.3995835833810141,top2_acc,0.0,0.0,0.0,0.0,0.0
resampled_voters,2002,15,100,0.06799044297046607,0.3995835833810141,top3_acc,0.0,0.0,0.0,0.0,0.0
resampled_voters,2002,15,100,0.06799044297046607,0.3995835833810141,top4_acc,0.0,0.0,0.0,0.0,0.0
resampled_voters,2002,15,100,0.06799044297046607,0.3995835833810141,trigger_rate,0.489345,0.18748297828460228,0.152475,0.5675,0.691225
resampled_voters,2022,12,100,0.08498805371308257,0.49947947922626756,cliff_magnitude,0.078235,0.018339180197136137,0.044924999999999986,0.08224999999999999,0.10715000000000001
resampled_voters,2022,12,100,0.08498805371308257,0.49947947922626756,cliff_ratio,0.8378542567890769,0.05336028489464236,0.7365101966807457,0.8558630722762334,0.8987003963244456
resampled_voters,2022,12,100,0.08498805371308257,0.49947947922626756,conditional_switching_rate,0.26251398670739795,0.23925763168519965,0.0,0.2465804280595632,0.7325051455896988
resampled_voters,2022,12,100,0.08498805371308257,0.49947947922626756,delta_cenp,0.0598725252866396,0.07062732460967193,-0.019687426406718663,0.03742121623183001,0.1915639056894377
resampled_voters,2022,12,100,0.08498805371308257,0.49947947922626756,delta_enp,-0.6585977781530356,0.7769005707063912,-2.107202962583816,-0.41163337855013005,0.2165616904739053
resampled_voters,2022,12,100,0.08498805371308257,0.49947947922626756,enp_final,7.250895891140784,0.759931040279174,5.720930934867082,7.356700417941099,8.129895326522224
resampled_voters,2022,12,100,0.08498805371308257,0.49947947922626756,enp_sincere,7.909493669293821,0.13831448220539747,7.66285726888052,7.922911036815869,8.111362902148322
resampled_voters,2022,12,100,0.08498805371308257,0.49947947922626756,mae,0.09713866589984663,0.008877093854947315,0.08051179902647197,0.09741094052143764,0.10759360205374409
resampled_voters,2022,12,100,0.08498805371308257,0.49947947922626756,rmse,0.12243396875553461,0.007073496930115642,0.1109448589293124,0.12406485990243069,0.1308101603734525
resampled_voters,2022,12,100,0.08498805371308257,0.49947947922626756,switching_rate,0.140595,0.11354800735700944,0.0,0.13425,0.31532499999999997
resampled_voters,2022,12,100,0.08498805371308257,0.49947947922626756,top2_acc,0.0,0.0,0.0,0.0,0.0
resampled_voters,2022,12,100,0.08498805371308257,0.49947947922626756,top3_acc,0.0,0.0,0.0,0.0,0.0
resampled_voters,2022,12,100,0.08498805371308257,0.49947947922626756,top4_acc,0.0,0.0,0.0,0.0,0.0
resampled_voters,2022,12,100,0.08498805371308257,0.49947947922626756,trigger_rate,0.5341450000000001,0.17085300396728897,0.36145,0.421,0.8536
