K,outcome,parameter,S1,S1_conf,ST,ST_conf,n_base,n_evaluations
6,cond_switching,alpha,0.007233374671568041,0.03475267946044167,0.1238814817124132,0.03593390607139935,1024,10240
6,cond_switching,c,0.018982315153894758,0.03242423383695757,0.32335573353856006,0.08541532885038258,1024,10240
6,cond_switching,epsilon,-0.014953152146277673,0.043565553726485344,0.17067773837482605,0.06046738591933695,1024,10240
6,cond_switching,mu,0.5134496525801623,0.1717119334317177,0.8886227108861628,0.1558272974624141,1024,10240
6,cond_switching,rho_pi,-1.9838949476860564e-05,0.03211893241200297,0.10172643378606781,0.03097177163873141,1024,10240
6,cond_switching,rho_s,0.008761072060792121,0.03127501420246764,0.14122081609866025,0.053171892756051616,1024,10240
6,cond_switching,tau_hat,0.10138983382638837,0.05046654778617373,0.537611219608367,0.09779698779137923,1024,10240
6,cond_switching,theta,-0.035736519444812036,0.04456249828265083,0.19248665254358063,0.05549948471046409,1024,10240
6,delta_cenp,alpha,-0.0028734135768371276,0.051404215022109914,0.26270336601709526,0.08480057233493477,1024,10240
6,delta_cenp,c,0.03869321323891745,0.0471940296635426,0.5442112238234847,0.21651153371161672,1024,10240
6,delta_cenp,epsilon,-0.04759706378759949,0.09939487605477032,0.38838688111206315,0.15149956551125054,1024,10240
6,delta_cenp,mu,0.09478839594069453,0.07147476882322884,0.6208218332404539,0.1979265466044129,1024,10240
6,delta_cenp,rho_pi,-0.0361056999486235,0.0323208774199504,0.30757827658536135,0.11897554857559713,1024,10240
6,delta_cenp,rho_s,-0.011991819113983723,0.04096793168167947,0.32817040287778265,0.16107177228191139,1024,10240
6,delta_cenp,tau_hat,0.14667082194670017,0.07662009815382412,0.6105720877934133,0.18853517776218537,1024,10240
6,delta_cenp,theta,-0.055941373644870784,0.09995916868858792,0.458014892141409,0.21029421384273306,1024,10240
6,enp_final,alpha,0.0009432199102739639,0.006943473576695658,0.006637294031690341,0.0013061420387987905,1024,10240
6,enp_final,c,0.9303302289055824,0.07072368297455867,0.9741761959277979,0.06649981782378749,1024,10240
6,enp_final,epsilon,0.03157738250172673,0.02367175115204573,0.08347002405859182,0.011474627596809,1024,10240
6,enp_final,mu,0.006942030026592558,0.008752180238492264,0.011079602782318593,0.0025373872823841676,1024,10240
6,enp_final,rho_pi,-0.0017924515622670836,0.006437015360634856,0.0070766092633652595,0.0015383538139429676,1024,10240
6,enp_final,rho_s,0.00011467092406871282,0.007274324848992997,0.007435759143195547,0.002199848986725353,1024,10240
6,enp_final,tau_hat,0.005599532767708303,0.007839548940654676,0.011134934433939434,0.0028234167535907168,1024,10240
6,enp_final,theta,0.0005373375404196569,0.007479921275263392,0.009103165537149188,0.0028809607538682913,1024,10240
6,total_switching,alpha,0.0015702054555020342,0.027704591978016984,0.16502026837657555,0.08333537970846945,1024,10240
6,total_switching,c,0.028958095514646277,0.04867200177731041,0.2739076476459987,0.07904907036543932,1024,10240
6,total_switching,epsilon,-0.018646290304832953,0.04102762865892867,0.18996775145541006,0.06259606545690773,1024,10240
6,total_switching,mu,0.2962671273477474,0.09242114387195853,0.6381967863741547,0.14269736614755915,1024,10240
6,total_switching,rho_pi,-0.025374296046620847,0.027962997498633874,0.15535043562510187,0.04690204218726721,1024,10240
6,total_switching,rho_s,-0.004284120931544633,0.02356463015064318,0.14579919856536658,0.04093267051440712,1024,10240
6,total_switching,tau_hat,0.25162583008497097,0.07155678418550084,0.5604500203369301,0.10643039555388241,1024,10240
6,total_switching,theta,-0.030079846919069182,0.041501871722950986,0.1920023665167162,0.06462506580966476,1024,10240
6,trigger_rate,alpha,0.015400418800017204,0.020929137111538945,0.059542042304825196,0.011328699503295717,1024,10240
6,trigger_rate,c,0.2054786073233598,0.040033308694376116,0.3149787221776977,0.03994489772196174,1024,10240
6,trigger_rate,epsilon,0.025312596982518212,0.02767291315487703,0.08905644788659901,0.015864235141944755,1024,10240
6,trigger_rate,mu,0.004417318126376213,0.018403271234894387,0.060053008046408715,0.01039484161566715,1024,10240
6,trigger_rate,rho_pi,0.00921580541968054,0.020565804266683425,0.06401876640854219,0.012054313945200018,1024,10240
6,trigger_rate,rho_s,-0.0023167771650324043,0.02062611333653677,0.057453823974225646,0.010705540430216208,1024,10240
6,trigger_rate,tau_hat,0.6767267712633308,0.0649804378332536,0.7849276558133879,0.062326523798964695,1024,10240
6,trigger_rate,theta,0.016501930646198905,0.022443277774158495,0.06425715616095891,0.013833512999679796,1024,10240
8,cond_switching,alpha,-0.010865694577881462,0.038073798053753286,0.07070509520600879,0.021694950176274513,1024,10240
8,cond_switching,c,0.02016999844872558,0.02936668890269374,0.16482393331185946,0.06402998081020965,1024,10240
8,cond_switching,epsilon,0.004323208284820318,0.026298134416073756,0.091470902055484,0.041044777977782464,1024,10240
8,cond_switching,mu,0.6566181282004667,0.19756863195162344,0.84408820984774,0.11090588366929703,1024,10240
8,cond_switching,rho_pi,0.011229375880609536,0.022096579720094704,0.06293620248916,0.027741372598688915,1024,10240
8,cond_switching,rho_s,0.0183831043344891,0.02106575186140592,0.07120000637030272,0.027405365855979438,1024,10240
8,cond_switching,tau_hat,0.057134758830571196,0.042081413330101396,0.3031904078492995,0.08035490895044571,1024,10240
8,cond_switching,theta,0.030684070051784237,0.03056928649176752,0.0830420660601186,0.030204886840058,1024,10240
8,delta_cenp,alpha,0.002343717386859005,0.050438751567885846,0.25746727934269587,0.11726945904343765,1024,10240
8,delta_cenp,c,0.050170554822682574,0.042519775642136805,0.3377142556363372,0.1122418104998148,1024,10240
8,delta_cenp,epsilon,0.022797766405941965,0.025400593829028727,0.19274142550268328,0.08378936930521931,1024,10240
8,delta_cenp,mu,0.26318065148326486,0.08839016056798447,0.7869259435529218,0.1934717210621814,1024,10240
8,delta_cenp,rho_pi,0.009071162589220881,0.027500793690222094,0.22511153193063155,0.09201213528069072,1024,10240
8,delta_cenp,rho_s,0.03223461654207354,0.04929639410698635,0.20579611731286027,0.08833078690778452,1024,10240
8,delta_cenp,tau_hat,0.07504515264449514,0.04277989232371931,0.42943282920330866,0.1316076544345254,1024,10240
8,delta_cenp,theta,0.07667603953531645,0.05849394641260194,0.3031974431380299,0.14388060511373738,1024,10240
8,enp_final,alpha,0.0020336309958962663,0.007217834337187548,0.006042882349084587,0.0016822779274298216,1024,10240
8,enp_final,c,0.9129785170258788,0.06914278353136248,0.9464356024240387,0.06373312335167698,1024,10240
8,enp_final,epsilon,0.04688664415861807,0.022918287398105565,0.08081223328035388,0.010282098403466982,1024,10240
8,enp_final,mu,0.013041980368916328,0.01029872909562302,0.01275020971951756,0.0029636055128549883,1024,10240
8,enp_final,rho_pi,-0.0008671069805160974,0.00523266507940427,0.005398639326218463,0.0012639526185384187,1024,10240
8,enp_final,rho_s,0.0036701827460493717,0.006333451575501124,0.0052708451872665995,0.0013189334104146487,1024,10240
8,enp_final,tau_hat,0.00154228934946477,0.007198815227813812,0.00797772460992091,0.0016087536671771658,1024,10240
8,enp_final,theta,0.005411788205375033,0.006014937396397445,0.006066728358381548,0.0017303174639163015,1024,10240
8,total_switching,alpha,-0.0182489698652565,0.02764793303429284,0.10215493326116806,0.030188508938116556,1024,10240
8,total_switching,c,0.039470399873566764,0.032679800502224736,0.2127575015413989,0.06366653570914926,1024,10240
8,total_switching,epsilon,0.0025289990043472522,0.018510748336028005,0.10950338924801536,0.034284694662792776,1024,10240
8,total_switching,mu,0.41147442555244806,0.08241671390100228,0.6867110657759408,0.12438095859860716,1024,10240
8,total_switching,rho_pi,0.011384377377480286,0.027630257450371138,0.12647969498749162,0.08167449080002251,1024,10240
8,total_switching,rho_s,0.03142087679787028,0.038067726984773474,0.10282881922418119,0.037258418562481375,1024,10240
8,total_switching,tau_hat,0.16798876411195868,0.048667304361197,0.43260726306371244,0.08373324208697794,1024,10240
8,total_switching,theta,0.03139957124159178,0.04288629378961248,0.1719420708321492,0.1145245300182027,1024,10240
8,trigger_rate,alpha,-0.012023179790117099,0.020777441050745932,0.05555483853368178,0.011475345763889738,1024,10240
8,trigger_rate,c,0.23882922308492668,0.046179044031108556,0.37002918169367505,0.04771333519434349,1024,10240
8,trigger_rate,epsilon,0.016848324914016357,0.026171836065826425,0.09610051976994623,0.0164335767174361,1024,10240
8,trigger_rate,mu,-0.015125366117476675,0.019331674191774773,0.05789484270818203,0.014089326203762043,1024,10240
8,trigger_rate,rho_pi,-0.010805099391035789,0.02199541541360599,0.051538442539265865,0.011144497258835317,1024,10240
8,trigger_rate,rho_s,-0.011404453616009792,0.017332815475258733,0.05549297285881004,0.012562448210034811,1024,10240
8,trigger_rate,tau_hat,0.5684739348504311,0.06298082610944243,0.6993822567903372,0.06533880432921713,1024,10240
8,trigger_rate,theta,0.00165591602642275,0.021116221694591392,0.05839580438649331,0.013397669065161391,1024,10240
9,cond_switching,alpha,0.012265201655721383,0.024084059002895987,0.07699576290572877,0.03819338541982651,1024,10240
9,cond_switching,c,0.020779045778849342,0.029876056580409826,0.15761769256854086,0.06448870773323856,1024,10240
9,cond_switching,epsilon,-0.010296923971715917,0.034272234504871456,0.08780854719940691,0.030188359994654305,1024,10240
9,cond_switching,mu,0.5979592682148873,0.19328568645939612,0.8743949109533343,0.10817111461277956,1024,10240
9,cond_switching,rho_pi,0.006905127237255222,0.02506115277373736,0.07240655587873669,0.023791738580800796,1024,10240
9,cond_switching,rho_s,0.012891452136999522,0.021795893600571593,0.07058289998096802,0.03491347145432768,1024,10240
9,cond_switching,tau_hat,0.03444044517330076,0.038073499394072556,0.28223054570404765,0.08035939443470017,1024,10240
9,cond_switching,theta,0.007991094336395988,0.03078646352414262,0.10017963726430089,0.03326041555278911,1024,10240
9,delta_cenp,alpha,-0.0004300296741395114,0.025653877273848723,0.25275571188838913,0.10281358250223804,1024,10240
9,delta_cenp,c,0.104243659559079,0.09045067497385918,0.37402565254282016,0.13185542810363263,1024,10240
9,delta_cenp,epsilon,0.007895917047270004,0.03157059147843999,0.22460851676057478,0.09648928239074248,1024,10240
9,delta_cenp,mu,0.35752001456851046,0.1261813121657166,0.7661037339191598,0.20822138266871912,1024,10240
9,delta_cenp,rho_pi,0.05838907438544233,0.0696218486334648,0.2512845560026836,0.11215186239992678,1024,10240
9,delta_cenp,rho_s,0.009377420121745373,0.03226079054780541,0.2310483113733749,0.10060079646330038,1024,10240
9,delta_cenp,tau_hat,0.06152072974202555,0.04600086994687727,0.4005336159540161,0.14951990684059657,1024,10240
9,delta_cenp,theta,0.037385474878323686,0.06574871439894446,0.22783358566419723,0.07198472043186882,1024,10240
9,enp_final,alpha,-0.004931308550860988,0.0066947092025162434,0.005728859297218291,0.0012729605133864276,1024,10240
9,enp_final,c,0.9054637455037295,0.06958371967207698,0.9382074799175626,0.06176415688539535,1024,10240
9,enp_final,epsilon,0.041174935550349845,0.02111191861357985,0.07352227973528946,0.008700252628241253,1024,10240
9,enp_final,mu,0.001171693151160733,0.00991575184692767,0.012026294676740325,0.00291703015720703,1024,10240
9,enp_final,rho_pi,-0.007534080156787241,0.006386540419245232,0.005394770553418423,0.0014795801220260126,1024,10240
9,enp_final,rho_s,-0.004919356568217699,0.006198598617802684,0.005145424182109887,0.00126957042017421,1024,10240
9,enp_final,tau_hat,0.0012415343160133332,0.007079156187661126,0.007326095518549293,0.0018852470525216646,1024,10240
9,enp_final,theta,-0.00044493250816741764,0.005603320243035657,0.00505605077307465,0.0011084044632152599,1024,10240
9,total_switching,alpha,0.015719894356664276,0.02443975223792123,0.08532794414833168,0.022192589246826114,1024,10240
9,total_switching,c,0.07322330532533967,0.04622723527551982,0.2200114045533329,0.0522507194665349,1024,10240
9,total_switching,epsilon,0.009537329996652829,0.028661877686903935,0.11662612384425224,0.03613082567931871,1024,10240
9,total_switching,mu,0.4738045073307283,0.0996009167564146,0.7069085306760563,0.12037625172901549,1024,10240
9,total_switching,rho_pi,0.04457394937162738,0.046339910838832606,0.1261900619817818,0.054735333733984655,1024,10240
9,total_switching,rho_s,0.017793818014897968,0.02266609954707845,0.0992656994472899,0.03238853883604742,1024,10240
9,total_switching,tau_hat,0.1523855420743734,0.04525408681833159,0.4061141976542906,0.08009949298441353,1024,10240
9,total_switching,theta,0.03944887401582486,0.05126921071350397,0.1201840438383209,0.031838136146883966,1024,10240
9,trigger_rate,alpha,-0.0060273121605716375,0.02161979329527999,0.05169244500725013,0.011499887392738826,1024,10240
9,trigger_rate,c,0.2506753239100696,0.045682537778525496,0.3706020569233629,0.04388833491923909,1024,10240
9,trigger_rate,epsilon,0.03935759250161228,0.02708346809799929,0.08966792894528902,0.011338619543920951,1024,10240
9,trigger_rate,mu,-0.015592184028118376,0.018553552494200234,0.05442183491184591,0.010418893707520473,1024,10240
9,trigger_rate,rho_pi,-0.0017274948621944465,0.018328987744117613,0.05544164247719552,0.012583431400253866,1024,10240
9,trigger_rate,rho_s,-0.013171213376102693,0.01859439839437507,0.05119174937858753,0.00960004296214442,1024,10240
9,trigger_rate,tau_hat,0.5853322255249717,0.06395965518172034,0.6816650808827298,0.06389373101958332,1024,10240
9,trigger_rate,theta,-0.00316710914839585,0.018217200358771724,0.045767872548783436,0.0072244356233660215,1024,10240
