election_year,party,candidate,ideological_order,pre_electoral_share,electoral_share_R1,electoral_share_R2
2002,LO,Arlette Laguiller,1,"0,09","0,0572",
2002,PT,Daniel Gluckstein,,,"0,0047",
2002,LCR,Olivier Besancenot,2,"0,005","0,0425",
2002,PCF,Robert Hue,3,"0,055","0,0337",
2002,PS,Lionel Jospin,4,"0,21","0,1618",
2002,PRG,Christiane Taubira,5,"0,005","0,0232",
2002,LV,Noël Mamère,6,"0,055","0,0525",
2002,MDC,Jean-Pierre Chevènement,7,"0,1","0,0533",
2002,CAP21,Corinne Lepage,8,"0,01","0,0188",
2002,CPNT,Jean Saint-Josse,9,"0,015","0,0423",
2002,UDF,François Bayrou,10,"0,04","0,0684",
2002,DL,Alain Madelin,11,"0,03","0,0391",
2002,RPR,Jacques Chirac,12,"0,23","0,1988","0,8221"
2002,FRS,Christine Boutin,13,"0,01","0,0119",
2002,FN,Jean-Marie Le Pen,14,"0,1","0,1686","0,1779"
2002,MNR,Bruno Mégret,15,"0,015","0,0234",
2007,PT,Gérard Schivardi,1,"0,005","0,0034",
2007,LO,Arlette Laguiller,2,"0,02","0,0133",
2007,LCR,Olivier Besancenot,3,"0,03","0,0408",
2007,PCF,Marie-George Buffet,4,"0,02","0,0193",
2007,IND,José Bové,5,"0,015","0,0132",
2007,VERTS,Dominique Voynet,6,"0,01","0,0157",
2007,MPF,Philippe de Villiers,7,"0,01","0,0223",
2007,PS,Ségolène Royal,8,"0,255","0,2587","0,4694"
2007,CPNT,Frédéric Nihous,9,"0,01","0,0115",
2007,UDF,François Bayrou,10,"0,19","0,1857",
2007,UMP,Nicolas Sarkozy,11,"0,3","0,3118","0,5306"
2007,FN,Jean-Marie Le Pen,12,"0,135","0,1044",
2012,LO,Nathalie Arthaud,1,"0,0050","0,0056",
2012,NPA,Philippe Poutou,,,"0,0115",
2012,FI,Jean-Luc Mélenchon,2,"0,1000","0,1110",
2012,PS,François Hollande,3,"0,2700","0,2863","0,5164"
2012,EELV,Eva Joly,4,"0,0250","0,0231",
2012,MODEM,François Bayrou,5,"0,1300","0,0913",
2012,UMP,Nicolas Sarkozy,6,"0,2850","0,2718","0,4836"
2012,DLF,Nicolas Dupont-Aignan,7,"0,0100","0,0179",
2012,FN,Marine Le Pen,8,"0,16","0,179",
2012,SP,Jacques Cheminade,,,"0,0025",
2017,LO,Nathalie Arthaud,,,"0,0064",
2017,NPA,Philippe Poutou,1,"0,0050","0,0109",
2017,LFI,Jean-Luc Mélenchon,2,"0,1150","0,1958",
2017,PS,Benoît Hamon,3,"0,1250","0,0636",
2017,RE,Emmanuel Macron,4,"0,2600","0,2401","0,6610"
2017,RES,Jean Lassalle,,,"0,0121",
2017,LR,François Fillon,5,"0,1750","0,2001",
2017,DLF,Nicolas Dupont-Aignan,6,"0,0350","0,0470",
2017,UPR,François Asselineau,,,"0,0092",
2017,RN,Marine Le Pen,7,"0,2700","0,2130","0,3390"
2017,SP,Jacques Cheminade,,,"0,0018",
2022,NPA,Philippe Poutou,1,"0,0100","0,0077",
2022,LO,Nathalie Arthaud,2,"0,0050","0,0056",
2022,PCF,Fabien Roussel,3,"0,0350","0,0228",
2022,LFI,Jean-Luc Mélenchon,4,"0,0900","0,2195",
2022,EELV,Yannick Jadot,5,"0,0700","0,0463",
2022,PS,Anne Hidalgo,6,"0,0250","0,0175",
2022,RE,Emmanuel Macron,7,"0,2400","0,2785","0,585"
2022,LR,Valérie Pécresse,8,"0,155","0,0478",
2022,RES,Jean Lassalle,9,"0,01","0,0313",
2022,DLF,Nicolas Dupont-Aignan,10,"0,015","0,0206",
2022,RN,Marine Le Pen,11,"0,15","0,2315","0,4145"
2022,REC,Éric Zemmour,12,"0,145","0,0707",
