source,date,fieldwork,rolling,below_threshold,LO,LCR,PCF,PS,PRG,LV,MDC,CAP21,UDF,FRS,RPR,DL,CPNT,FN,MNR
BVA,18/04/2002,18 avril,no,,"0,08","0,035","0,05","0,18","0,02","0,05","0,06","0,01","0,06","0,01","0,19","0,05","0,04","0,14","0,02"
Ipsos,18/04/2002,17 et 18 avril,no,,"0,07","0,04","0,05","0,18","0,01","0,065","0,065","0,01","0,06","0,01","0,2","0,04","0,03","0,14","0,025"
Sofres,18/04/2002,17 et 18 avril,no,,"0,065","0,04","0,06","0,18","0,015","0,06","0,065","0,01","0,06","0,015","0,195","0,05","0,04","0,125","0,015"
CSA,18/04/2002,17 et 18 avril,no,,"0,07","0,03","0,05","0,18","0,025","0,05","0,065","0,015","0,06","0,015","0,195","0,035","0,04","0,14","0,025"
Louis Harris,17/04/2002,16 et 17 avril,no,,"0,08","0,02","0,05","0,18","0,01","0,07","0,06","0,01","0,07","0,02","0,2","0,05","0,03","0,13","0,02"
Ipsos,16/04/2002,15 et 16 avril,no,,"0,07","0,025","0,055","0,18","0,015","0,065","0,06","0,01","0,05","0,01","0,22","0,04","0,035","0,13","0,03"
Sofres,15/04/2002,du 13 au 15 avril,no,,"0,08","0,025","0,06","0,18","0,01","0,05","0,06","0,015","0,06","0,015","0,2","0,05","0,035","0,13","0,025"
Ifop,13/04/2002,12 et 13 avril,no,,"0,07","0,04","0,055","0,165","0,015","0,065","0,085","0,02","0,065","0,005","0,2","0,035","0,04","0,105","0,03"
BVA,13/04/2002,du 10 au 13 avril,no,,"0,09","0,02","0,05","0,18","0,015","0,06","0,06","0,015","0,06","0,01","0,185","0,05","0,04","0,14","0,02"
Ifop,12/04/2002,11 et 12 avril,no,,"0,08","0,035","0,055","0,17","0,02","0,07","0,08","0,02","0,065","0,005","0,19","0,035","0,045","0,095","0,03"
CSA,11/04/2002,10 et 11 avril,no,,"0,08","0,015","0,055","0,19","0,01","0,065","0,07","0,015","0,055","0,01","0,21","0,035","0,035","0,12","0,03"
Sofres,11/04/2002,10 et 11 avril,no,,"0,08","0,025","0,06","0,19","0,015","0,045","0,06","0,015","0,05","0,005","0,22","0,05","0,03","0,13","0,02"
Ipsos,06/04/2002,5 et 6 avril,no,,"0,11","0,01","0,05","0,19","0,005","0,05","0,085","0,01","0,05","0,005","0,23","0,035","0,035","0,12","0,015"
Ifop,06/04/2002,5 et 6 avril,no,,"0,085","0,01","0,05","0,175","0,01","0,08","0,08","0,015","0,05","0,01","0,21","0,035","0,04","0,13","0,01"
BVA,06/04/2002,du 4 au 6 avril,no,,"0,11","0,01","0,05","0,2","0,01","0,065","0,06","0,015","0,05","0,005","0,2","0,035","0,035","0,12","0,03"
CSA,04/04/2002,3 et 4 avril,no,,"0,085","0,01","0,04","0,185","0,005","0,085","0,08","0,015","0,045","0,015","0,22","0,03","0,05","0,115","0,015"
Sofres,04/04/2002,3 et 4 avril,no,,"0,09","0,005","0,06","0,19","0,01","0,055","0,07","0,01","0,04","0,015","0,24","0,04","0,04","0,12","0,01"
Ipsos,30/03/2002,29 et 30 mars,no,,"0,1","0,01","0,05","0,2","0,005","0,05","0,08","0,005","0,05","0,01","0,24","0,03","0,035","0,1","0,015"
Louis Harris,30/03/2002,29 et 30 mars,no,,"0,1","0,01","0,06","0,21","0,005","0,06","0,08","0,01","0,045","0,015","0,21","0,035","0,03","0,1","0,01"
BVA,30/03/2002,du 28 au 30 mars,no,,"0,11","0,005","0,06","0,2","0,005","0,065","0,065","0,005","0,05","0,01","0,2","0,04","0,02","0,13","0,015"
Ifop,29/03/2002,28 et 29 mars,no,,"0,1","0,01","0,045","0,205","0,01","0,07","0,09","0,01","0,055","0,005","0,21","0,02","0,025","0,1","0,01"
CSA,28/03/2002,27 et 28 mars,no,,"0,09","0,01","0,05","0,2","0,005","0,05","0,09","0,01","0,045","0,015","0,2","0,035","0,045","0,12","0,015"
Sofres,28/03/2002,27 et 28 mars,no,,"0,1","0,01","0,06","0,2","0,005","0,06","0,085","0,005","0,045","0,005","0,21","0,04","0,04","0,11","0,005"
Ipsos,23/03/2002,22 et 23 mars,no,,"0,1","0,005","0,05","0,22","0,005","0,055","0,09","0,005","0,05","0,01","0,24","0,025","0,025","0,09","0,01"
Sofres,23/03/2002,22 et 23 mars,no,,"0,1","0,01","0,06","0,21","0,005","0,055","0,075","0,01","0,04","0,01","0,23","0,04","0,03","0,1","0,01"
BVA,23/03/2002,du 21 au 23 mars,no,,"0,1","0,01","0,055","0,23","0,01","0,055","0,065","0,01","0,04","0,005","0,23","0,035","0,025","0,11","0,01"
CSA,22/03/2002,21 et 22 mars,no,,"0,08","0,01","0,05","0,21","0,005","0,065","0,07","0,005","0,04","0,01","0,23","0,04","0,035","0,11","0,015"
Ipsos,16/03/2002,15 et 16 mars,no,,"0,09","0,005","0,055","0,21","0,005","0,055","0,1","0,01","0,04","0,01","0,23","0,03","0,015","0,1","0,015"
Ifop,16/03/2002,15 et 16 mars,no,,"0,1","0,005","0,05","0,19","0,005","0,06","0,11","0,005","0,04","0,01","0,22","0,03","0,03","0,08","0,01"
BVA,16/03/2002,du 14 au 16 mars,no,,"0,09","0,01","0,06","0,22","0,005","0,05","0,07","0,02","0,035","0,005","0,25","0,035","0,015","0,1","0,005"
Sofres,16/03/2002,du 13 au 16 mars,no,,"0,095","0,01","0,055","0,21","0,005","0,06","0,065","0,005","0,045","0,01","0,235","0,04","0,03","0,1","0,01"
Sofres,15/03/2002,14 et 15 mars,no,,"0,09","0,01","0,055","0,2","0,005","0,06","0,07","0,01","0,04","0,01","0,24","0,04","0,02","0,1","0,01"
CSA,14/03/2002,13 et 14 mars,no,,"0,07","0,01","0,045","0,22","0,01","0,055","0,085","0,005","0,03","0,01","0,255","0,03","0,03","0,095","0,02"
Louis Harris,09/03/2002,8 et 9 mars,no,,"0,08","0,01","0,05","0,23",0,"0,05","0,1","0,01","0,03","0,01","0,24","0,03","0,02","0,1","0,02"
Ipsos,09/03/2002,8 et 9 mars,no,,"0,08","0,005","0,06","0,22","0,005","0,06","0,11","0,005","0,03","0,01","0,24","0,03","0,02","0,08","0,015"
Sofres,09/03/2002,8 et 9 mars,no,,"0,09","0,005","0,055","0,22","0,005","0,05","0,075","0,01","0,04","0,01","0,23","0,04","0,015","0,11","0,015"
Ipsos,02/03/2002,1er et 2 mars,no,,"0,08","0,01","0,06","0,21","0,005","0,06","0,1","0,005","0,04","0,005","0,24","0,03","0,03","0,09","0,01"
BVA,02/03/2002,du 28 février au 2 mars,no,,"0,08","0,005","0,06","0,24","0,005","0,05","0,08","0,01","0,04","0,01","0,21","0,04","0,025","0,11","0,015"
Ifop,01/03/2002,du 28 février au 1er mars,no,,"0,09","0,005","0,04","0,21","0,005","0,07","0,1","0,005","0,03","0,01","0,22","0,03","0,03","0,08","0,01"
